"timestamp","btc_usd"
"2025-07-17T17:34:15.830285-03:00","119179.8"
"2025-07-17T17:35:13.992888-03:00","119187.90000000001"
"2025-07-17T17:36:13.274590-03:00","119171.70000000001"
"2025-07-17T17:37:13.355549-03:00","119171.70000000001"
"2025-07-17T17:38:14.097955-03:00","119174.70000000001"
"2025-07-17T17:39:13.219889-03:00","119238.1"
"2025-07-17T17:40:13.177871-03:00","119265.5"
"2025-07-17T17:41:13.441640-03:00","119313.0"
"2025-07-17T17:42:14.323031-03:00","119309.0"
"2025-07-17T17:43:13.222958-03:00","119309.90000000001"
"2025-07-17T17:44:14.204332-03:00","119309.90000000001"
"2025-07-17T17:45:13.506707-03:00","119366.40000000001"
"2025-07-17T17:46:13.246894-03:00","119377.40000000001"
"2025-07-17T17:47:13.328870-03:00","119349.40000000001"
"2025-07-17T17:48:13.249399-03:00","119344.90000000001"
"2025-07-17T17:49:13.412205-03:00","119336.5"
"2025-07-17T17:50:13.230684-03:00","119347.8"
"2025-07-17T17:51:13.195746-03:00","119347.8"
"2025-07-17T17:52:13.175654-03:00","119303.6"
"2025-07-17T17:53:14.275036-03:00","119261.70000000001"
"2025-07-17T17:54:13.459887-03:00","119261.6"
"2025-07-17T17:55:13.197858-03:00","119270.6"
"2025-07-17T17:56:13.359417-03:00","119269.5"
"2025-07-17T17:57:13.479621-03:00","119250.5"
"2025-07-17T17:58:13.464869-03:00","119250.5"
"2025-07-17T17:59:13.141627-03:00","119246.70000000001"
"2025-07-17T18:00:13.387774-03:00","119268.90000000001"
"2025-07-17T18:01:13.027614-03:00","119268.90000000001"
"2025-07-17T18:02:14.369623-03:00","119519.5"
"2025-07-17T18:03:13.330227-03:00","119519.5"
"2025-07-17T18:04:13.371386-03:00","119550.6"
"2025-07-17T18:05:13.391293-03:00","119613.3"
"2025-07-17T18:06:13.091617-03:00","119671.3"
"2025-07-17T18:07:13.115833-03:00","119729.5"
"2025-07-17T18:08:13.176108-03:00","119881.90000000001"
"2025-07-17T18:09:13.195321-03:00","119881.90000000001"
"2025-07-17T18:10:13.377897-03:00","119891.0"
"2025-07-17T18:11:14.580199-03:00","119884.20000000001"
"2025-07-17T18:12:13.443004-03:00","119853.6"
"2025-07-17T18:13:13.462633-03:00","119894.6"
"2025-07-17T18:14:13.285166-03:00","119986.8"
"2025-07-17T18:15:13.184739-03:00","119968.3"
"2025-07-17T18:16:13.209149-03:00","120039.20000000001"
"2025-07-17T18:17:13.389714-03:00","120265.40000000001"
"2025-07-17T18:18:13.049510-03:00","120332.8"
"2025-07-17T18:19:13.173050-03:00","120301.40000000001"
"2025-07-17T18:20:14.433810-03:00","120301.40000000001"
"2025-07-17T18:21:13.353571-03:00","120392.6"
"2025-07-17T18:22:13.254575-03:00","120452.40000000001"
"2025-07-17T18:23:13.277628-03:00","120533.40000000001"
"2025-07-17T18:24:13.517447-03:00","120612.70000000001"
"2025-07-17T18:25:13.357713-03:00","120658.1"
"2025-07-17T18:26:13.780645-03:00","120715.90000000001"
"2025-07-17T18:27:13.542379-03:00","120638.40000000001"
"2025-07-17T18:28:13.460486-03:00","120638.40000000001"
"2025-07-17T18:29:14.705810-03:00","120526.1"
"2025-07-17T18:30:13.267392-03:00","120566.3"
"2025-07-17T18:31:13.327383-03:00","120656.90000000001"
"2025-07-17T18:32:13.309555-03:00","120828.3"
"2025-07-17T18:33:13.329403-03:00","120828.3"
"2025-07-17T18:34:13.533337-03:00","120651.20000000001"
"2025-07-17T18:35:13.092916-03:00","120776.90000000001"
"2025-07-17T18:36:13.134855-03:00","120781.90000000001"
"2025-07-17T18:37:13.196532-03:00","120697.6"
"2025-07-17T18:38:14.355325-03:00","120579.40000000001"
"2025-07-17T18:39:13.318704-03:00","120273.3"
"2025-07-17T18:40:13.099800-03:00","120306.40000000001"
"2025-07-17T18:41:13.021794-03:00","120285.6"
"2025-07-17T18:42:13.143913-03:00","120372.90000000001"
"2025-07-17T18:43:13.264334-03:00","120432.1"
"2025-07-17T18:44:13.404785-03:00","120459.20000000001"
"2025-07-17T18:45:13.386489-03:00","120477.1"
"2025-07-17T18:46:13.308840-03:00","120537.6"
"2025-07-17T18:47:14.468651-03:00","120588.3"
"2025-07-17T18:48:13.229532-03:00","120588.3"
"2025-07-17T18:49:13.353128-03:00","120484.8"
"2025-07-17T18:50:13.172163-03:00","120547.0"
"2025-07-17T18:51:13.372764-03:00","120581.5"
"2025-07-17T18:52:13.234798-03:00","120470.5"
"2025-07-17T18:53:13.153744-03:00","120427.8"
"2025-07-17T18:54:13.357554-03:00","120451.0"
"2025-07-17T18:55:13.558366-03:00","120474.6"
"2025-07-17T18:56:14.479749-03:00","120474.20000000001"
"2025-07-17T18:57:13.403173-03:00","120474.20000000001"
"2025-07-17T18:58:13.664330-03:00","120487.1"
"2025-07-17T18:59:13.362537-03:00","120453.3"
"2025-07-17T19:00:13.167705-03:00","120407.8"
"2025-07-17T19:01:13.187048-03:00","120407.8"
"2025-07-17T19:02:13.389811-03:00","120347.90000000001"
"2025-07-17T19:03:13.267340-03:00","120367.5"
"2025-07-17T19:04:13.251448-03:00","120422.70000000001"
"2025-07-17T19:05:14.731210-03:00","120422.70000000001"
"2025-07-17T19:06:13.293846-03:00","120402.8"
"2025-07-17T19:07:13.113701-03:00","120302.8"
"2025-07-17T19:08:13.336891-03:00","120248.6"
"2025-07-17T19:09:13.097607-03:00","120226.3"
"2025-07-17T19:10:13.121168-03:00","120207.1"
"2025-07-17T19:11:13.319408-03:00","120207.6"
"2025-07-17T19:12:13.380394-03:00","120191.20000000001"
"2025-07-17T19:13:13.263059-03:00","120191.20000000001"
"2025-07-17T19:14:13.285650-03:00","120244.90000000001"
"2025-07-17T19:15:13.327043-03:00","120255.6"
"2025-07-17T19:16:13.105031-03:00","120328.70000000001"
"2025-07-17T19:17:13.129499-03:00","120396.70000000001"
"2025-07-17T19:18:13.587406-03:00","120486.8"
"2025-07-17T19:19:13.173049-03:00","120614.5"
"2025-07-17T19:20:13.312826-03:00","120585.0"
"2025-07-17T19:21:13.414410-03:00","120584.8"
"2025-07-17T19:22:14.795439-03:00","120478.20000000001"
"2025-07-17T19:23:13.317765-03:00","120336.5"
"2025-07-17T19:24:13.376558-03:00","120295.70000000001"
"2025-07-17T19:25:13.318599-03:00","120283.20000000001"
"2025-07-17T19:26:13.079191-03:00","120219.1"
"2025-07-17T19:27:13.560616-03:00","120235.8"
"2025-07-17T19:28:13.103828-03:00","120211.5"
"2025-07-17T19:34:13.889867-03:00","120132.5"
"2025-07-17T19:35:13.567646-03:00","120131.90000000001"
"2025-07-17T19:36:13.569892-03:00","120149.1"
"2025-07-17T19:37:13.770681-03:00","120149.20000000001"
"2025-07-17T19:38:13.450071-03:00","120149.20000000001"
"2025-07-17T19:39:13.511302-03:00","120142.6"
"2025-07-17T19:40:13.652215-03:00","120140.40000000001"
"2025-07-17T19:41:13.512517-03:00","120139.6"
"2025-07-17T19:42:13.690875-03:00","120167.6"
"2025-07-17T19:43:14.532064-03:00","120178.3"
"2025-07-17T19:44:13.672513-03:00","120178.3"
"2025-07-17T19:45:13.255428-03:00","120196.3"
"2025-07-17T19:46:13.473156-03:00","120216.70000000001"
"2025-07-17T19:47:13.635515-03:00","120221.6"
"2025-07-17T19:48:13.337108-03:00","120245.1"
"2025-07-17T19:49:13.455794-03:00","120223.70000000001"
"2025-07-17T19:50:13.457605-03:00","120193.90000000001"
"2025-07-17T19:51:14.577709-03:00","120136.0"
"2025-07-17T19:52:13.657129-03:00","120075.90000000001"
"2025-07-17T19:53:13.399672-03:00","119951.90000000001"
"2025-07-17T19:54:13.458050-03:00","119713.90000000001"
"2025-07-17T19:55:13.539336-03:00","119656.70000000001"
"2025-07-17T19:56:13.378397-03:00","119656.70000000001"
"2025-07-17T19:57:13.521831-03:00","119623.1"
"2025-07-17T19:58:13.480592-03:00","119687.90000000001"
"2025-07-17T19:59:13.421024-03:00","119713.40000000001"
"2025-07-17T20:00:14.803886-03:00","119727.90000000001"
"2025-07-17T20:01:13.425116-03:00","119738.20000000001"
"2025-07-17T20:02:13.645740-03:00","119729.40000000001"
"2025-07-17T20:03:13.482729-03:00","119713.8"
"2025-07-17T20:04:13.386485-03:00","119709.20000000001"
"2025-07-17T20:05:13.486257-03:00","119723.0"
"2025-07-17T20:06:13.465063-03:00","119765.8"
"2025-07-17T20:07:13.486764-03:00","119668.20000000001"
"2025-07-17T20:08:13.429127-03:00","119740.40000000001"
"2025-07-17T20:09:14.708221-03:00","119740.40000000001"
"2025-07-17T20:10:13.608386-03:00","119765.70000000001"
"2025-07-17T20:11:13.409898-03:00","119794.3"
"2025-07-17T20:12:13.390942-03:00","119767.40000000001"
"2025-07-17T20:13:13.352199-03:00","119767.70000000001"
"2025-07-17T20:14:13.429523-03:00","119818.40000000001"
"2025-07-17T20:15:13.373244-03:00","119811.0"
"2025-07-17T20:16:13.591686-03:00","119852.40000000001"
"2025-07-17T20:17:13.371254-03:00","119810.5"
"2025-07-17T20:18:14.773925-03:00","119836.6"
"2025-07-17T20:19:13.673012-03:00","119735.70000000001"
"2025-07-17T20:20:13.453726-03:00","119735.70000000001"
"2025-07-17T20:21:13.576562-03:00","119677.90000000001"
"2025-07-17T20:22:13.535913-03:00","119623.8"
"2025-07-17T20:23:13.557654-03:00","119624.0"
"2025-07-17T20:24:13.876705-03:00","119618.40000000001"
"2025-07-17T20:25:13.615373-03:00","119517.20000000001"
"2025-07-17T20:26:13.479784-03:00","119517.20000000001"
"2025-07-17T20:27:15.238084-03:00","119522.5"
"2025-07-17T20:28:13.339470-03:00","119522.5"
"2025-07-17T20:29:13.659008-03:00","119522.1"
"2025-07-17T20:30:13.402391-03:00","119528.3"
"2025-07-17T20:31:13.302389-03:00","119551.90000000001"
"2025-07-17T20:32:13.660628-03:00","119583.8"
"2025-07-17T20:33:13.401777-03:00","119646.8"
"2025-07-17T20:34:13.462372-03:00","119621.6"
"2025-07-17T20:35:13.601983-03:00","119630.6"
"2025-07-17T20:36:14.542951-03:00","119613.0"
"2025-07-17T20:37:13.604744-03:00","119484.70000000001"
"2025-07-17T20:38:13.524623-03:00","119484.70000000001"
"2025-07-17T20:39:13.327216-03:00","119499.5"
"2025-07-17T20:40:13.925856-03:00","119510.70000000001"
"2025-07-17T20:41:13.585238-03:00","119511.8"
"2025-07-17T20:42:13.665755-03:00","119495.1"
"2025-07-17T20:43:13.528843-03:00","119466.40000000001"
"2025-07-17T20:44:13.569440-03:00","119417.1"
"2025-07-17T20:45:14.969863-03:00","119425.8"
"2025-07-17T20:46:13.730680-03:00","119426.90000000001"
"2025-07-17T20:47:13.411392-03:00","119426.90000000001"
"2025-07-17T20:48:13.309242-03:00","119453.1"
"2025-07-17T20:49:13.489734-03:00","119461.6"
"2025-07-17T20:50:13.372953-03:00","119463.70000000001"
"2025-07-17T20:51:13.333451-03:00","119450.8"
"2025-07-17T20:52:13.392779-03:00","119395.6"
"2025-07-17T20:53:13.394450-03:00","119395.6"
"2025-07-17T20:54:14.814862-03:00","119389.0"
"2025-07-17T20:55:13.633730-03:00","119392.8"
"2025-07-17T20:56:13.376054-03:00","119400.40000000001"
"2025-07-17T20:57:13.455398-03:00","119382.6"
"2025-07-17T20:58:13.438413-03:00","119382.6"
"2025-07-17T20:59:13.435707-03:00","119351.40000000001"
"2025-07-17T21:00:13.617146-03:00","119334.70000000001"
"2025-07-17T21:01:13.459630-03:00","119325.70000000001"
"2025-07-17T21:02:14.500572-03:00","119324.40000000001"
"2025-07-17T21:03:14.878234-03:00","119302.90000000001"
"2025-07-17T21:04:13.839482-03:00","119302.90000000001"
"2025-07-17T21:05:13.661299-03:00","119310.8"
"2025-07-17T21:06:13.540560-03:00","119399.1"
"2025-07-17T21:07:13.481407-03:00","119401.5"
"2025-07-17T21:08:13.602925-03:00","119381.70000000001"
"2025-07-17T21:09:13.602562-03:00","119348.40000000001"
"2025-07-17T21:10:13.362787-03:00","119306.1"
"2025-07-17T21:11:13.362666-03:00","119304.20000000001"
"2025-07-17T21:12:13.785168-03:00","119304.20000000001"
"2025-07-17T21:13:13.464769-03:00","119305.6"
"2025-07-17T21:14:13.625028-03:00","119273.70000000001"
"2025-07-17T21:15:13.364534-03:00","119237.3"
"2025-07-17T21:16:13.405257-03:00","119218.40000000001"
"2025-07-17T21:17:13.768333-03:00","119232.40000000001"
"2025-07-17T21:18:13.447448-03:00","119203.0"
"2025-07-17T21:19:13.508963-03:00","119197.1"
"2025-07-17T21:20:14.687945-03:00","119176.3"
"2025-07-17T21:21:13.629372-03:00","119178.6"
"2025-07-17T21:22:13.329977-03:00","119209.1"
"2025-07-17T21:23:13.452456-03:00","119278.6"
"2025-07-17T21:24:13.312421-03:00","119350.70000000001"
"2025-07-17T21:25:13.533009-03:00","119362.3"
"2025-07-17T21:26:13.571328-03:00","119344.20000000001"
"2025-07-17T21:27:13.312380-03:00","119360.1"
"2025-07-17T21:28:13.412894-03:00","119348.90000000001"
"2025-07-17T21:29:14.855191-03:00","119368.6"
"2025-07-17T21:30:13.233647-03:00","119456.3"
"2025-07-17T21:31:13.497808-03:00","119448.0"
"2025-07-17T21:32:13.717021-03:00","119448.0"
"2025-07-17T21:33:13.497062-03:00","119450.20000000001"
"2025-07-17T21:34:13.418080-03:00","119455.90000000001"
"2025-07-17T21:35:13.298711-03:00","119473.1"
"2025-07-17T21:36:13.360541-03:00","119585.40000000001"
"2025-07-17T21:37:13.600530-03:00","119586.40000000001"
"2025-07-17T21:38:14.619895-03:00","119622.3"
"2025-07-17T21:39:13.459175-03:00","119655.6"
"2025-07-17T21:40:13.580160-03:00","119685.3"
"2025-07-17T21:41:13.461126-03:00","119685.3"
"2025-07-17T21:42:13.403417-03:00","119661.20000000001"
"2025-07-17T21:43:13.684448-03:00","119658.40000000001"
"2025-07-17T21:44:13.381503-03:00","119660.5"
"2025-07-17T21:45:13.522833-03:00","119702.5"
"2025-07-17T21:46:13.463516-03:00","119710.40000000001"
"2025-07-17T21:47:14.764192-03:00","119721.5"
"2025-07-17T21:48:13.425438-03:00","119736.0"
"2025-07-17T21:49:13.567481-03:00","119742.0"
"2025-07-17T21:50:13.808147-03:00","119725.3"
"2025-07-17T21:51:15.180392-03:00","119720.8"
"2025-07-17T21:52:14.203714-03:00","119653.20000000001"
"2025-07-17T21:53:13.324397-03:00","119689.5"
"2025-07-17T21:54:13.661394-03:00","119710.6"
"2025-07-17T21:55:13.484446-03:00","119710.6"
"2025-07-17T21:56:13.481438-03:00","119713.3"
"2025-07-17T21:57:15.211603-03:00","119718.8"
"2025-07-17T21:58:13.893170-03:00","119719.6"
"2025-07-17T21:59:13.433289-03:00","119719.40000000001"
"2025-07-17T22:00:13.453953-03:00","119738.40000000001"
"2025-07-17T22:01:13.412080-03:00","119757.1"
"2025-07-17T22:02:13.413284-03:00","119757.1"
"2025-07-17T22:03:13.951047-03:00","119754.3"
"2025-07-17T22:04:13.551660-03:00","119727.5"
"2025-07-17T22:05:13.477999-03:00","119727.5"
"2025-07-17T22:06:13.652850-03:00","119732.6"
"2025-07-17T22:07:14.574418-03:00","119719.5"
"2025-07-17T22:08:13.411273-03:00","119723.90000000001"
"2025-07-17T22:09:13.534372-03:00","119770.20000000001"
"2025-07-17T22:10:13.732269-03:00","119770.20000000001"
"2025-07-17T22:11:13.473825-03:00","119892.40000000001"
"2025-07-17T22:12:13.654264-03:00","119892.40000000001"
"2025-07-17T22:13:13.473374-03:00","120003.0"
"2025-07-17T22:14:13.473109-03:00","120146.8"
"2025-07-17T22:15:13.414567-03:00","120143.1"
"2025-07-17T22:16:14.572713-03:00","120341.70000000001"
"2025-07-17T22:17:13.552369-03:00","120243.40000000001"
"2025-07-17T22:18:13.834503-03:00","120187.3"
"2025-07-17T22:19:13.453340-03:00","120187.3"
"2025-07-17T22:20:13.531708-03:00","120212.20000000001"
"2025-07-17T22:21:13.492239-03:00","120221.5"
"2025-07-17T22:22:13.592295-03:00","120257.3"
"2025-07-17T22:23:13.374705-03:00","120333.8"
"2025-07-17T22:24:13.515366-03:00","120327.90000000001"
"2025-07-17T22:25:14.452075-03:00","120278.0"
"2025-07-17T22:26:13.412681-03:00","120262.70000000001"
"2025-07-17T22:27:13.392657-03:00","120241.8"
"2025-07-17T22:28:13.414481-03:00","120194.8"
"2025-07-17T22:29:13.255051-03:00","120231.40000000001"
"2025-07-17T22:30:13.492463-03:00","120231.40000000001"
"2025-07-17T22:31:13.714450-03:00","120220.90000000001"
"2025-07-17T22:32:13.553282-03:00","120174.70000000001"
"2025-07-17T22:33:13.513813-03:00","120229.90000000001"
"2025-07-17T22:34:14.592295-03:00","120302.5"
"2025-07-17T22:35:13.334581-03:00","120393.20000000001"
"2025-07-17T22:36:13.493169-03:00","120393.20000000001"
"2025-07-17T22:37:13.434673-03:00","120473.1"
"2025-07-17T22:38:13.452439-03:00","120495.1"
"2025-07-17T22:39:13.735896-03:00","120466.6"
"2025-07-17T22:40:13.295832-03:00","120461.0"
"2025-07-17T22:41:13.193974-03:00","120474.1"
"2025-07-17T22:42:13.654547-03:00","120571.70000000001"
"2025-07-17T22:43:13.474374-03:00","120533.3"
"2025-07-17T22:44:13.316041-03:00","120533.3"
"2025-07-17T22:45:13.574913-03:00","120546.5"
"2025-07-17T22:46:13.453871-03:00","120421.40000000001"
"2025-07-17T22:47:13.633842-03:00","120378.3"
"2025-07-17T22:48:13.395820-03:00","120375.3"
"2025-07-17T22:49:13.375010-03:00","120443.0"
"2025-07-17T22:50:13.492838-03:00","120443.0"
"2025-07-17T22:51:14.854112-03:00","120367.5"
"2025-07-17T22:52:13.656223-03:00","120372.5"
"2025-07-17T22:53:13.573644-03:00","120372.5"
"2025-07-17T22:54:13.394418-03:00","120370.1"
"2025-07-17T22:55:13.395536-03:00","120358.6"
"2025-07-17T22:56:13.395880-03:00","120363.8"
"2025-07-17T22:57:13.616175-03:00","120363.8"
"2025-07-17T22:58:13.395230-03:00","120374.40000000001"
"2025-07-17T22:59:13.795456-03:00","120377.70000000001"
"2025-07-17T23:00:14.753047-03:00","120379.6"
"2025-07-17T23:01:13.673450-03:00","120370.3"
"2025-07-17T23:02:13.595884-03:00","120288.20000000001"
"2025-07-17T23:03:13.552756-03:00","120283.1"
"2025-07-17T23:04:13.474050-03:00","120283.1"
"2025-07-17T23:05:13.514546-03:00","120276.5"
"2025-07-17T23:06:13.434138-03:00","120170.3"
"2025-07-17T23:07:13.476177-03:00","120201.70000000001"
"2025-07-17T23:08:13.415308-03:00","120138.20000000001"
"2025-07-17T23:09:14.793722-03:00","120042.90000000001"
"2025-07-17T23:10:13.534097-03:00","120090.6"
"2025-07-17T23:11:13.534130-03:00","120171.40000000001"
"2025-07-17T23:12:13.715233-03:00","120211.8"
"2025-07-17T23:13:13.295786-03:00","120211.8"
"2025-07-17T23:14:13.435867-03:00","120233.8"
"2025-07-17T23:15:13.755777-03:00","120246.40000000001"
"2025-07-17T23:16:13.355641-03:00","120198.5"
"2025-07-17T23:17:13.448120-03:00","120126.0"
"2025-07-17T23:18:14.795621-03:00","120042.1"
"2025-07-17T23:19:13.336223-03:00","120038.0"
"2025-07-17T23:20:13.374055-03:00","119997.40000000001"
"2025-07-17T23:21:13.476420-03:00","119997.40000000001"
"2025-07-17T23:22:13.375921-03:00","120014.0"
"2025-07-17T23:23:13.454116-03:00","120014.0"
"2025-07-17T23:24:13.596509-03:00","120026.20000000001"
"2025-07-17T23:25:13.315090-03:00","120072.6"
"2025-07-17T23:26:13.495342-03:00","120072.6"
"2025-07-17T23:27:14.633373-03:00","120100.6"
"2025-07-17T23:28:13.476165-03:00","120120.8"
"2025-07-17T23:29:13.734535-03:00","120155.1"
"2025-07-17T23:30:13.595853-03:00","120294.1"
"2025-07-17T23:31:13.594585-03:00","120294.1"
"2025-07-17T23:32:13.314643-03:00","120252.1"
"2025-07-17T23:33:13.476113-03:00","120222.1"
"2025-07-17T23:34:13.516222-03:00","120229.90000000001"
"2025-07-17T23:35:13.675050-03:00","120243.3"
"2025-07-17T23:36:14.814824-03:00","120314.0"
"2025-07-17T23:37:13.735393-03:00","120354.3"
"2025-07-17T23:38:13.494768-03:00","120378.1"
"2025-07-17T23:39:13.594608-03:00","120365.0"
"2025-07-17T23:40:13.734747-03:00","120352.6"
"2025-07-17T23:41:13.416720-03:00","120394.3"
"2025-07-17T23:42:13.413510-03:00","120393.90000000001"
"2025-07-17T23:43:13.594902-03:00","120353.3"
"2025-07-17T23:44:13.515423-03:00","120339.90000000001"
"2025-07-17T23:45:14.715669-03:00","120344.8"
"2025-07-17T23:46:13.694994-03:00","120339.6"
"2025-07-17T23:47:13.593782-03:00","120299.90000000001"
"2025-07-17T23:48:13.775684-03:00","120297.5"
"2025-07-17T23:49:13.436251-03:00","120209.8"
"2025-07-17T23:50:13.595109-03:00","120207.8"
"2025-07-17T23:51:13.553888-03:00","120207.8"
"2025-07-17T23:52:13.634870-03:00","120222.70000000001"
"2025-07-17T23:53:13.516957-03:00","120222.20000000001"
"2025-07-17T23:54:14.856108-03:00","120222.20000000001"
"2025-07-17T23:55:13.695241-03:00","120249.90000000001"
"2025-07-17T23:56:13.716451-03:00","120249.90000000001"
"2025-07-17T23:57:13.474862-03:00","120251.6"
"2025-07-17T23:58:13.657022-03:00","120233.70000000001"
"2025-07-17T23:59:13.476672-03:00","120214.3"
"2025-07-18T00:00:13.674433-03:00","120183.3"
"2025-07-18T00:01:13.336459-03:00","120185.3"
"2025-07-18T00:02:13.374932-03:00","120194.8"
"2025-07-18T00:03:14.576581-03:00","120170.40000000001"
"2025-07-18T00:04:13.396808-03:00","120099.90000000001"
"2025-07-18T00:05:13.735855-03:00","120113.40000000001"
"2025-07-18T00:06:13.656310-03:00","120030.0"
"2025-07-18T00:07:13.615928-03:00","120049.70000000001"
"2025-07-18T00:08:13.554568-03:00","120052.90000000001"
"2025-07-18T00:09:13.417163-03:00","120064.8"
"2025-07-18T00:10:13.556465-03:00","120117.3"
"2025-07-18T00:11:13.495950-03:00","120094.90000000001"
"2025-07-18T00:12:14.675972-03:00","120111.6"
"2025-07-18T00:13:13.596679-03:00","120111.8"
"2025-07-18T00:14:13.614897-03:00","120129.5"
"2025-07-18T00:15:13.496616-03:00","120186.0"
"2025-07-18T00:16:15.503354-03:00","120178.40000000001"
"2025-07-18T00:17:14.666700-03:00","120194.5"
"2025-07-18T00:18:13.446683-03:00","120237.8"
"2025-07-18T00:19:13.525893-03:00","120237.8"
"2025-07-18T00:20:13.670165-03:00","120209.40000000001"
"2025-07-18T00:21:13.609067-03:00","120195.0"
"2025-07-18T00:22:13.570380-03:00","120195.0"
"2025-07-18T00:23:13.590046-03:00","120175.90000000001"
"2025-07-18T00:24:13.508670-03:00","120129.1"
"2025-07-18T00:25:13.431580-03:00","120124.3"
"2025-07-18T00:26:14.994090-03:00","120118.8"
"2025-07-18T00:27:13.473596-03:00","120116.20000000001"
"2025-07-18T00:28:13.594228-03:00","120092.70000000001"
"2025-07-18T00:29:13.473046-03:00","120140.40000000001"
"2025-07-18T00:30:13.656597-03:00","120138.8"
"2025-07-18T00:31:13.615654-03:00","120130.90000000001"
"2025-07-18T00:32:15.470009-03:00","120137.70000000001"
"2025-07-18T00:33:14.449903-03:00","120134.6"
"2025-07-18T00:34:13.371755-03:00","120137.5"
"2025-07-18T00:35:13.473069-03:00","120087.90000000001"
"2025-07-18T00:36:13.512782-03:00","120121.8"
"2025-07-18T00:37:13.372486-03:00","120140.3"
"2025-07-18T00:38:13.493107-03:00","120155.5"
"2025-07-18T00:39:13.591330-03:00","120170.20000000001"
"2025-07-18T00:40:13.412800-03:00","120213.70000000001"
"2025-07-18T00:41:13.495038-03:00","120229.5"
"2025-07-18T00:42:14.635340-03:00","120240.70000000001"
"2025-07-18T00:43:13.793798-03:00","120272.90000000001"
"2025-07-18T00:44:13.456034-03:00","120325.8"
"2025-07-18T00:45:13.393179-03:00","120325.8"
"2025-07-18T00:46:13.534100-03:00","120347.0"
"2025-07-18T00:47:13.456756-03:00","120435.90000000001"
"2025-07-18T00:48:13.457635-03:00","120471.1"
"2025-07-18T00:49:13.536049-03:00","120445.3"
"2025-07-18T00:50:13.497020-03:00","120438.1"
"2025-07-18T00:51:14.877631-03:00","120379.3"
"2025-07-18T00:52:13.498234-03:00","120314.8"
"2025-07-18T00:53:13.577998-03:00","120309.8"
"2025-07-18T00:54:13.518987-03:00","120317.5"
"2025-07-18T00:55:13.498878-03:00","120313.40000000001"
"2025-07-18T00:56:13.558028-03:00","120319.6"
"2025-07-18T00:57:13.618274-03:00","120303.40000000001"
"2025-07-18T00:58:13.380152-03:00","120303.90000000001"
"2025-07-18T00:59:13.518154-03:00","120303.90000000001"
"2025-07-18T01:00:14.819926-03:00","120314.20000000001"
"2025-07-18T01:01:13.661049-03:00","120285.20000000001"
"2025-07-18T01:02:13.500978-03:00","120285.5"
"2025-07-18T01:03:13.700465-03:00","120262.90000000001"
"2025-07-18T01:04:13.558512-03:00","120230.3"
"2025-07-18T01:05:13.641262-03:00","120212.8"
"2025-07-18T01:06:13.480505-03:00","120149.90000000001"
"2025-07-18T01:07:13.462546-03:00","120099.40000000001"
"2025-07-18T01:08:13.581076-03:00","120068.20000000001"
"2025-07-18T01:09:14.503026-03:00","120069.8"
"2025-07-18T01:10:13.582459-03:00","120069.8"
"2025-07-18T01:11:13.584254-03:00","120030.70000000001"
"2025-07-18T01:12:13.404237-03:00","120008.90000000001"
"2025-07-18T01:13:13.444180-03:00","119986.3"
"2025-07-18T01:14:13.444206-03:00","119934.40000000001"
"2025-07-18T01:15:13.602164-03:00","119982.40000000001"
"2025-07-18T01:16:13.324840-03:00","119966.5"
"2025-07-18T01:17:13.845188-03:00","119969.0"
"2025-07-18T01:18:16.802915-03:00","119939.40000000001"
"2025-07-18T01:19:13.444919-03:00","119939.70000000001"
"2025-07-18T01:20:13.604435-03:00","119948.5"
"2025-07-18T01:21:13.405275-03:00","119937.40000000001"
"2025-07-18T01:22:13.486238-03:00","119925.8"
"2025-07-18T01:23:13.647041-03:00","119944.8"
"2025-07-18T01:24:13.644934-03:00","119930.8"
"2025-07-18T01:25:13.506626-03:00","119919.40000000001"
"2025-07-18T01:26:13.507072-03:00","119924.0"
"2025-07-18T01:27:14.788574-03:00","119919.90000000001"
"2025-07-18T01:28:13.488890-03:00","119990.3"
"2025-07-18T01:29:13.567346-03:00","120027.5"
"2025-07-18T01:30:13.489460-03:00","120027.5"
"2025-07-18T01:31:13.647883-03:00","120092.20000000001"
"2025-07-18T01:32:13.626911-03:00","120153.8"
"2025-07-18T01:33:13.607193-03:00","120170.0"
"2025-07-18T01:34:13.429613-03:00","120175.40000000001"
"2025-07-18T01:35:13.429319-03:00","120198.0"
"2025-07-18T01:36:13.631384-03:00","120219.6"
"2025-07-18T01:37:13.508392-03:00","120299.90000000001"
"2025-07-18T01:38:13.531424-03:00","120303.6"
"2025-07-18T01:39:13.349434-03:00","120318.3"
"2025-07-18T01:40:13.532163-03:00","120344.5"
"2025-07-18T01:41:13.492150-03:00","120344.5"
"2025-07-18T01:42:13.409358-03:00","120344.90000000001"
"2025-07-18T01:43:13.670613-03:00","120364.3"
"2025-07-18T01:44:15.092358-03:00","120333.3"
"2025-07-18T01:45:13.591453-03:00","120328.1"
"2025-07-18T01:46:13.493163-03:00","120300.3"
"2025-07-18T01:47:14.214072-03:00","120350.70000000001"
"2025-07-18T01:48:13.433906-03:00","120469.8"
"2025-07-18T01:49:13.613558-03:00","120473.20000000001"
"2025-07-18T01:50:13.454795-03:00","120456.70000000001"
"2025-07-18T01:51:13.453324-03:00","120466.8"
"2025-07-18T01:52:13.593539-03:00","120469.40000000001"
"2025-07-18T01:53:14.755546-03:00","120488.1"
"2025-07-18T01:54:13.453704-03:00","120487.20000000001"
"2025-07-18T01:55:13.554926-03:00","120488.8"
"2025-07-18T01:56:13.555176-03:00","120504.90000000001"
"2025-07-18T01:57:13.617525-03:00","120501.5"
"2025-07-18T01:58:13.515938-03:00","120501.5"
"2025-07-18T01:59:13.434791-03:00","120478.1"
"2025-07-18T02:00:13.437700-03:00","120485.20000000001"
"2025-07-18T02:01:13.758042-03:00","120479.70000000001"
"2025-07-18T02:02:15.075659-03:00","120478.6"
"2025-07-18T02:03:13.436333-03:00","120468.6"
"2025-07-18T02:04:13.556635-03:00","120468.6"
"2025-07-18T02:05:13.637977-03:00","120458.6"
"2025-07-18T02:06:13.597871-03:00","120376.6"
"2025-07-18T02:07:13.479638-03:00","120350.40000000001"
"2025-07-18T02:08:13.519587-03:00","120400.6"
"2025-07-18T02:09:13.678299-03:00","120369.20000000001"
"2025-07-18T02:10:13.560218-03:00","120369.5"
"2025-07-18T02:11:14.920839-03:00","120369.5"
"2025-07-18T02:12:13.419235-03:00","120351.8"
"2025-07-18T02:13:13.520136-03:00","120493.70000000001"
"2025-07-18T02:14:13.361072-03:00","120493.70000000001"
"2025-07-18T02:15:13.600443-03:00","120578.6"
"2025-07-18T02:16:13.481957-03:00","120578.6"
"2025-07-18T02:17:13.359838-03:00","120625.3"
"2025-07-18T02:18:13.460886-03:00","120602.70000000001"
"2025-07-18T02:19:13.363757-03:00","120531.70000000001"
"2025-07-18T02:20:15.142045-03:00","120533.6"
"2025-07-18T02:21:13.402604-03:00","120533.6"
"2025-07-18T02:22:13.524172-03:00","120533.3"
"2025-07-18T02:23:13.543128-03:00","120557.1"
"2025-07-18T02:24:13.583156-03:00","120557.1"
"2025-07-18T02:25:13.483656-03:00","120606.6"
"2025-07-18T02:26:13.663127-03:00","120589.90000000001"
"2025-07-18T02:27:13.343730-03:00","120567.0"
"2025-07-18T02:28:13.485765-03:00","120594.70000000001"
"2025-07-18T02:29:15.165375-03:00","120597.70000000001"
"2025-07-18T02:30:15.203923-03:00","120597.70000000001"
"2025-07-18T02:31:13.586252-03:00","120603.0"
"2025-07-18T02:32:13.188774-03:00","120603.0"
"2025-07-18T02:33:13.310104-03:00","120556.3"
"2025-07-18T02:34:13.309248-03:00","120567.1"
"2025-07-18T02:35:13.411932-03:00","120562.6"
"2025-07-18T02:36:13.252259-03:00","120556.70000000001"
"2025-07-18T02:37:13.252715-03:00","120532.6"
"2025-07-18T02:38:13.216253-03:00","120497.6"
"2025-07-18T02:39:13.435351-03:00","120478.0"
"2025-07-18T02:40:14.637907-03:00","120487.20000000001"
"2025-07-18T02:41:13.337291-03:00","120489.20000000001"
"2025-07-18T02:42:13.339158-03:00","120465.90000000001"
"2025-07-18T02:43:13.182301-03:00","120462.40000000001"
"2025-07-18T02:44:13.422192-03:00","120441.1"
"2025-07-18T02:45:13.181464-03:00","120376.8"
"2025-07-18T02:46:13.126378-03:00","120376.8"
"2025-07-18T02:47:13.207012-03:00","120376.5"
"2025-07-18T02:48:13.085624-03:00","120424.40000000001"
"2025-07-18T02:49:14.408460-03:00","120426.0"
"2025-07-18T02:50:13.150702-03:00","120426.0"
"2025-07-18T02:51:13.091040-03:00","120434.5"
"2025-07-18T02:52:13.254568-03:00","120472.1"
"2025-07-18T02:53:13.232850-03:00","120472.6"
"2025-07-18T02:54:13.177548-03:00","120504.6"
"2025-07-18T02:55:13.257708-03:00","120565.0"
"2025-07-18T02:56:13.077454-03:00","120565.0"
"2025-07-18T02:57:13.240331-03:00","120573.5"
"2025-07-18T02:58:14.461097-03:00","120574.20000000001"
"2025-07-18T02:59:13.243986-03:00","120587.0"
"2025-07-18T03:00:13.042269-03:00","120608.90000000001"
"2025-07-18T03:01:13.165779-03:00","120608.90000000001"
"2025-07-18T03:02:13.244657-03:00","120618.3"
"2025-07-18T03:03:13.007435-03:00","120768.6"
"2025-07-18T03:04:13.187550-03:00","120647.5"
"2025-07-18T03:05:13.489712-03:00","120647.5"
"2025-07-18T03:06:14.490492-03:00","120548.0"
"2025-07-18T03:07:13.172653-03:00","120573.20000000001"
"2025-07-18T03:08:13.173628-03:00","120452.0"
"2025-07-18T03:09:13.353736-03:00","120452.0"
"2025-07-18T03:10:13.415106-03:00","120412.3"
"2025-07-18T03:11:13.358659-03:00","120412.3"
"2025-07-18T03:12:13.358935-03:00","120411.0"
"2025-07-18T03:13:13.421371-03:00","120392.3"
"2025-07-18T03:14:13.120627-03:00","120469.40000000001"
"2025-07-18T03:15:14.462605-03:00","120469.40000000001"
"2025-07-18T03:16:13.345082-03:00","120496.6"
"2025-07-18T03:17:13.183899-03:00","120414.40000000001"
"2025-07-18T03:18:13.228278-03:00","120411.1"
"2025-07-18T03:19:13.026295-03:00","120394.0"
"2025-07-18T03:21:13.228805-03:00","120397.20000000001"
"2025-07-18T03:22:13.032725-03:00","120359.1"
"2025-07-18T03:23:13.193326-03:00","120359.1"
"2025-07-18T03:24:13.153843-03:00","120363.6"
"2025-07-18T03:25:14.395348-03:00","120361.8"
"2025-07-18T03:26:13.197491-03:00","120361.8"
"2025-07-18T03:27:13.218799-03:00","120361.6"
"2025-07-18T03:28:13.039321-03:00","120344.0"
"2025-07-18T03:29:13.162470-03:00","120334.70000000001"
"2025-07-18T03:30:13.442148-03:00","120247.1"
"2025-07-18T03:31:13.280851-03:00","120247.1"
"2025-07-18T03:32:13.265902-03:00","120257.8"
"2025-07-18T03:33:14.384169-03:00","120251.6"
"2025-07-18T03:34:13.208388-03:00","120253.3"
"2025-07-18T03:35:13.146416-03:00","120249.0"
"2025-07-18T03:36:13.129220-03:00","120249.0"
"2025-07-18T03:37:13.271290-03:00","120202.40000000001"
"2025-07-18T03:38:13.392145-03:00","120181.1"
"2025-07-18T03:39:13.153225-03:00","120210.1"
"2025-07-18T03:40:13.255024-03:00","120210.1"
"2025-07-18T03:41:13.254244-03:00","120295.40000000001"
"2025-07-18T03:42:14.498505-03:00","120323.20000000001"
"2025-07-18T03:43:13.157457-03:00","120315.3"
"2025-07-18T03:44:13.060726-03:00","120327.70000000001"
"2025-07-18T03:45:13.303589-03:00","120320.1"
"2025-07-18T03:46:13.042559-03:00","120322.90000000001"
"2025-07-18T03:47:13.164959-03:00","120323.70000000001"
"2025-07-18T03:48:13.126839-03:00","120334.5"
"2025-07-18T03:49:12.987047-03:00","120411.1"
"2025-07-18T03:50:13.147838-03:00","120430.40000000001"
"2025-07-18T03:51:14.609020-03:00","120458.40000000001"
"2025-07-18T03:52:13.372554-03:00","120465.5"
"2025-07-18T03:53:13.191179-03:00","120461.40000000001"
"2025-07-18T03:54:13.032647-03:00","120470.8"
"2025-07-18T03:55:13.093301-03:00","120460.1"
"2025-07-18T03:56:13.154107-03:00","120419.6"
"2025-07-18T03:57:13.496083-03:00","120411.90000000001"
"2025-07-18T03:58:13.119025-03:00","120346.70000000001"
"2025-07-18T03:59:13.240456-03:00","120346.70000000001"
"2025-07-18T04:00:14.479973-03:00","120346.20000000001"
"2025-07-18T04:01:13.343786-03:00","120334.40000000001"
"2025-07-18T04:02:13.122604-03:00","120330.1"
"2025-07-18T04:03:13.483232-03:00","120315.8"
"2025-07-18T04:04:13.203390-03:00","120320.1"
"2025-07-18T04:05:13.088981-03:00","120313.6"
"2025-07-18T04:06:13.350226-03:00","120313.6"
"2025-07-18T04:07:13.489145-03:00","120291.0"
"2025-07-18T04:08:13.170572-03:00","120252.8"
"2025-07-18T04:09:14.793504-03:00","120269.90000000001"
"2025-07-18T04:10:13.271868-03:00","120352.3"
"2025-07-18T04:11:13.276303-03:00","120345.8"
"2025-07-18T04:12:13.236196-03:00","120322.5"
"2025-07-18T04:13:13.416244-03:00","120207.3"
"2025-07-18T04:14:13.458192-03:00","120185.0"
"2025-07-18T04:15:13.280997-03:00","120143.6"
"2025-07-18T04:16:13.239950-03:00","120112.90000000001"
"2025-07-18T04:17:13.263832-03:00","120076.5"
"2025-07-18T04:18:14.625531-03:00","120068.70000000001"
"2025-07-18T04:19:13.603980-03:00","120062.20000000001"
"2025-07-18T04:20:13.285420-03:00","120068.40000000001"
"2025-07-18T04:21:13.147831-03:00","120060.1"
"2025-07-18T04:22:13.349683-03:00","119962.8"
"2025-07-18T04:23:13.230616-03:00","119923.5"
"2025-07-18T04:24:13.111818-03:00","119908.40000000001"
"2025-07-18T04:25:13.232187-03:00","119899.5"
"2025-07-18T04:26:13.294389-03:00","119899.5"
"2025-07-18T04:27:14.536272-03:00","119893.6"
"2025-07-18T04:28:13.199051-03:00","119819.0"
"2025-07-18T04:29:13.158022-03:00","119775.0"
"2025-07-18T04:30:13.159616-03:00","119775.0"
"2025-07-18T04:31:13.222711-03:00","119744.1"
"2025-07-18T04:32:13.241061-03:00","119744.1"
"2025-07-18T04:33:13.284465-03:00","119744.1"
"2025-07-18T04:34:13.163627-03:00","119744.1"
"2025-07-18T04:35:13.186995-03:00","119789.5"
"2025-07-18T04:36:14.768391-03:00","119789.5"
"2025-07-18T04:37:13.207659-03:00","119789.5"
"2025-07-18T04:38:13.210403-03:00","119789.5"
"2025-07-18T04:39:13.452192-03:00","119789.5"
"2025-07-18T04:40:13.150523-03:00","119773.0"
"2025-07-18T04:41:15.721947-03:00","119786.3"
"2025-07-18T04:42:13.964586-03:00","119733.0"
"2025-07-18T04:43:13.502771-03:00","119733.0"
"2025-07-18T04:44:13.744960-03:00","119741.0"
"2025-07-18T04:45:13.524978-03:00","119769.20000000001"
"2025-07-18T04:46:13.464127-03:00","119769.20000000001"
"2025-07-18T04:47:13.386737-03:00","119815.6"
"2025-07-18T04:48:13.505224-03:00","119801.0"
"2025-07-18T04:49:13.523850-03:00","119799.1"
"2025-07-18T04:50:13.605646-03:00","119794.1"
"2025-07-18T04:51:14.886348-03:00","119824.70000000001"
"2025-07-18T04:52:13.605846-03:00","119824.70000000001"
"2025-07-18T04:53:13.665922-03:00","119700.1"
"2025-07-18T04:54:13.785905-03:00","119674.3"
"2025-07-18T04:55:13.287082-03:00","119553.40000000001"
"2025-07-18T04:56:13.528276-03:00","119560.5"
"2025-07-18T04:57:13.688137-03:00","119560.5"
"2025-07-18T04:58:13.368595-03:00","119561.6"
"2025-07-18T04:59:13.445495-03:00","119566.0"
"2025-07-18T05:00:14.567822-03:00","119539.3"
"2025-07-18T05:01:13.427059-03:00","119496.6"
"2025-07-18T05:02:13.508826-03:00","119496.6"
"2025-07-18T05:03:13.468793-03:00","119491.6"
"2025-07-18T05:04:13.406677-03:00","119484.5"
"2025-07-18T05:05:13.447336-03:00","119316.0"
"2025-07-18T05:06:13.329459-03:00","119316.0"
"2025-07-18T05:07:13.310168-03:00","119282.1"
"2025-07-18T05:08:13.229784-03:00","119291.70000000001"
"2025-07-18T05:09:14.490611-03:00","119291.70000000001"
"2025-07-18T05:10:13.488992-03:00","119316.40000000001"
"2025-07-18T05:11:13.308362-03:00","119318.40000000001"
"2025-07-18T05:12:13.650343-03:00","119318.40000000001"
"2025-07-18T05:13:13.307792-03:00","119365.20000000001"
"2025-07-18T05:14:13.311054-03:00","119372.8"
"2025-07-18T05:15:13.648677-03:00","119295.5"
"2025-07-18T05:16:13.368721-03:00","119290.20000000001"
"2025-07-18T05:17:13.531514-03:00","119254.40000000001"
"2025-07-18T05:18:14.651064-03:00","119302.20000000001"
"2025-07-18T05:19:13.551974-03:00","119302.20000000001"
"2025-07-18T05:20:13.691061-03:00","119334.5"
"2025-07-18T05:21:13.732340-03:00","119381.90000000001"
"2025-07-18T05:22:13.453057-03:00","119373.40000000001"
"2025-07-18T05:23:13.512751-03:00","119373.40000000001"
"2025-07-18T05:24:13.270593-03:00","119345.6"
"2025-07-18T05:25:13.353118-03:00","119261.6"
"2025-07-18T05:26:13.511771-03:00","119261.6"
"2025-07-18T05:27:14.790912-03:00","119259.40000000001"
"2025-07-18T05:28:13.652973-03:00","119260.70000000001"
"2025-07-18T05:29:13.531232-03:00","119260.70000000001"
"2025-07-18T05:30:13.314383-03:00","119207.3"
"2025-07-18T05:31:13.393554-03:00","119147.0"
"2025-07-18T05:32:13.433318-03:00","119147.0"
"2025-07-18T05:33:13.334446-03:00","118998.70000000001"
"2025-07-18T05:34:13.714822-03:00","118948.6"
"2025-07-18T05:35:13.374784-03:00","118919.3"
"2025-07-18T05:36:14.695591-03:00","118888.8"
"2025-07-18T05:37:13.392700-03:00","118858.70000000001"
"2025-07-18T05:38:13.355316-03:00","118829.40000000001"
"2025-07-18T05:39:13.414004-03:00","118829.40000000001"
"2025-07-18T05:40:13.496216-03:00","118839.8"
"2025-07-18T05:41:13.453211-03:00","118652.8"
"2025-07-18T05:47:13.255178-03:00","118507.1"
"2025-07-18T05:48:13.375760-03:00","118516.90000000001"
"2025-07-18T05:49:13.296890-03:00","118516.70000000001"
"2025-07-18T05:50:13.317463-03:00","118501.90000000001"
"2025-07-18T05:51:13.616435-03:00","118493.3"
"2025-07-18T05:52:13.736758-03:00","118500.8"
"2025-07-18T05:53:13.457744-03:00","118473.40000000001"
"2025-07-18T05:54:13.496913-03:00","118510.3"
"2025-07-18T05:55:14.555968-03:00","118522.20000000001"
"2025-07-18T05:56:13.396291-03:00","118590.0"
"2025-07-18T05:57:13.378332-03:00","118639.3"
"2025-07-18T05:58:13.499539-03:00","118590.70000000001"
"2025-07-18T05:59:13.257374-03:00","118590.70000000001"
"2025-07-18T06:00:13.417848-03:00","118609.20000000001"
"2025-07-18T06:01:13.498441-03:00","118621.90000000001"
"2025-07-18T06:02:13.417637-03:00","118649.40000000001"
"2025-07-18T06:03:13.400518-03:00","118652.70000000001"
"2025-07-18T06:04:14.779588-03:00","118583.1"
"2025-07-18T06:05:13.540764-03:00","118583.1"
"2025-07-18T06:06:13.379305-03:00","118569.70000000001"
"2025-07-18T06:07:13.458852-03:00","118579.8"
"2025-07-18T06:08:13.738299-03:00","118579.8"
"2025-07-18T06:09:13.358385-03:00","118628.90000000001"
"2025-07-18T06:10:13.460736-03:00","118627.70000000001"
"2025-07-18T06:11:13.421260-03:00","118670.6"
"2025-07-18T06:12:13.379243-03:00","118708.8"
"2025-07-18T06:13:14.750499-03:00","118727.8"
"2025-07-18T06:14:13.301958-03:00","118790.6"
"2025-07-18T06:15:13.440250-03:00","118790.6"
"2025-07-18T06:16:13.442470-03:00","118777.20000000001"
"2025-07-18T06:17:13.540435-03:00","118757.70000000001"
"2025-07-18T06:18:13.279908-03:00","118757.70000000001"
"2025-07-18T06:19:13.362164-03:00","118670.3"
"2025-07-18T06:20:13.461897-03:00","118670.3"
"2025-07-18T06:21:13.683324-03:00","118728.1"
"2025-07-18T06:22:14.662210-03:00","118771.1"
"2025-07-18T06:23:13.401525-03:00","118820.8"
"2025-07-18T06:24:13.601828-03:00","118821.5"
"2025-07-18T06:25:13.163503-03:00","118769.5"
"2025-07-18T06:26:13.404108-03:00","118766.8"
"2025-07-18T06:27:13.544386-03:00","118768.20000000001"
"2025-07-18T06:28:13.343583-03:00","118663.0"
"2025-07-18T06:29:13.462494-03:00","118706.1"
"2025-07-18T06:30:13.383151-03:00","118700.0"
"2025-07-18T06:31:14.743034-03:00","118700.0"
"2025-07-18T06:32:13.384994-03:00","118716.0"
"2025-07-18T06:33:13.385531-03:00","118753.0"
"2025-07-18T06:34:13.205613-03:00","118753.0"
"2025-07-18T06:35:13.385898-03:00","118758.0"
"2025-07-18T06:36:13.326609-03:00","118769.90000000001"
"2025-07-18T06:37:13.465627-03:00","118762.1"
"2025-07-18T06:38:13.504065-03:00","118747.6"
"2025-07-18T06:39:13.526275-03:00","118758.0"
"2025-07-18T06:40:14.665025-03:00","118772.8"
"2025-07-18T06:41:13.665761-03:00","118830.8"
"2025-07-18T06:42:13.386343-03:00","118846.1"
"2025-07-18T06:43:13.485768-03:00","118868.0"
"2025-07-18T06:44:13.446329-03:00","118910.3"
"2025-07-18T06:45:13.587025-03:00","118907.0"
"2025-07-18T06:46:13.447977-03:00","118892.40000000001"
"2025-07-18T06:51:13.407385-03:00","118951.5"
"2025-07-18T06:52:13.488640-03:00","118923.5"
"2025-07-18T06:53:13.729349-03:00","118938.5"
"2025-07-18T06:54:13.369051-03:00","118974.0"
"2025-07-18T06:55:13.448442-03:00","118901.70000000001"
"2025-07-18T06:56:13.387437-03:00","118901.70000000001"
"2025-07-18T06:57:13.448127-03:00","118886.1"
"2025-07-18T06:58:13.370108-03:00","118917.20000000001"
"2025-07-18T06:59:14.770750-03:00","118936.3"
"2025-07-18T07:00:13.630814-03:00","118925.8"
"2025-07-18T07:03:15.261752-03:00","118953.8"
"2025-07-18T07:04:14.063627-03:00","118950.8"
"2025-07-18T07:05:13.642394-03:00","118878.20000000001"
"2025-07-18T07:06:13.563428-03:00","118878.20000000001"
"2025-07-18T07:07:13.444202-03:00","118771.8"
"2025-07-18T07:08:13.702135-03:00","118787.8"
"2025-07-18T07:09:13.443565-03:00","118804.1"
"2025-07-18T07:10:13.521960-03:00","118778.6"
"2025-07-18T07:11:13.464251-03:00","118778.6"
"2025-07-18T07:12:13.404527-03:00","118783.1"
"2025-07-18T07:13:14.762789-03:00","118767.70000000001"
"2025-07-18T07:14:13.464676-03:00","118758.8"
"2025-07-18T07:15:13.623613-03:00","118758.8"
"2025-07-18T07:16:13.400868-03:00","118730.40000000001"
"2025-07-18T07:17:13.423461-03:00","118739.0"
"2025-07-18T07:18:13.383886-03:00","118714.20000000001"
"2025-07-18T07:19:13.420427-03:00","118716.5"
"2025-07-18T07:20:13.622640-03:00","118717.6"
"2025-07-18T07:21:13.380739-03:00","118643.6"
"2025-07-18T07:22:14.581485-03:00","118643.6"
"2025-07-18T07:23:13.602708-03:00","118624.40000000001"
"2025-07-18T07:24:13.381716-03:00","118634.8"
"2025-07-18T07:25:13.561081-03:00","118727.1"
"2025-07-18T07:26:13.460948-03:00","118748.8"
"2025-07-18T07:27:13.479685-03:00","118823.70000000001"
"2025-07-18T07:28:13.722135-03:00","118897.6"
"2025-07-18T07:29:13.362346-03:00","118912.0"
"2025-07-18T07:30:13.540731-03:00","118906.90000000001"
"2025-07-18T07:31:14.481250-03:00","118881.0"
"2025-07-18T07:32:13.741973-03:00","118872.8"
"2025-07-18T07:33:13.402057-03:00","118882.20000000001"
"2025-07-18T07:34:13.341761-03:00","118880.3"
"2025-07-18T07:35:13.281787-03:00","118922.90000000001"
"2025-07-18T07:36:13.461523-03:00","118887.70000000001"
"2025-07-18T07:37:13.521457-03:00","118906.70000000001"
"2025-07-18T07:38:13.380696-03:00","118911.0"
"2025-07-18T07:39:13.500327-03:00","118887.90000000001"
"2025-07-18T07:40:14.700269-03:00","118850.90000000001"
"2025-07-18T07:41:13.438583-03:00","118857.6"
"2025-07-18T07:42:13.481300-03:00","118870.3"
"2025-07-18T07:43:13.420822-03:00","118889.8"
"2025-07-18T07:44:13.378695-03:00","118891.90000000001"
"2025-07-18T07:45:13.299423-03:00","118919.8"
"2025-07-18T07:46:13.418944-03:00","118920.40000000001"
"2025-07-18T07:47:13.379315-03:00","118922.40000000001"
"2025-07-18T07:48:13.478562-03:00","118947.20000000001"
"2025-07-18T07:49:14.418593-03:00","119024.70000000001"
"2025-07-18T07:50:13.278172-03:00","119024.70000000001"
"2025-07-18T07:51:13.279385-03:00","119081.90000000001"
"2025-07-18T07:52:13.260071-03:00","119124.40000000001"
"2025-07-18T07:53:13.339751-03:00","119154.6"
"2025-07-18T07:54:13.319737-03:00","119154.6"
"2025-07-18T07:55:13.258574-03:00","119170.6"
"2025-07-18T07:56:13.398772-03:00","119167.40000000001"
"2025-07-18T07:57:13.159290-03:00","119167.40000000001"
"2025-07-18T07:58:13.398585-03:00","119172.1"
"2025-07-18T07:59:14.578905-03:00","119181.3"
"2025-07-18T08:00:13.199521-03:00","119248.20000000001"
"2025-07-18T08:01:13.418979-03:00","119275.70000000001"
"2025-07-18T08:02:13.258994-03:00","119271.90000000001"
"2025-07-18T08:03:13.337797-03:00","119291.20000000001"
"2025-07-18T08:04:13.317962-03:00","119287.0"
"2025-07-18T08:05:13.455598-03:00","119205.6"
"2025-07-18T08:06:13.257466-03:00","119168.3"
"2025-07-18T08:07:13.296347-03:00","119142.90000000001"
"2025-07-18T08:08:13.257132-03:00","119141.20000000001"
"2025-07-18T08:09:14.718202-03:00","119138.8"
"2025-07-18T08:10:13.335882-03:00","119099.70000000001"
"2025-07-18T08:11:13.377385-03:00","119111.90000000001"
"2025-07-18T08:12:13.396930-03:00","119111.90000000001"
"2025-07-18T08:13:13.316166-03:00","119102.40000000001"
"2025-07-18T08:14:13.317550-03:00","119049.20000000001"
"2025-07-18T08:15:13.336211-03:00","119049.20000000001"
"2025-07-18T08:16:13.437997-03:00","119048.5"
"2025-07-18T08:17:13.195603-03:00","119043.3"
"2025-07-18T08:18:13.277049-03:00","119051.70000000001"
"2025-07-18T08:19:14.677380-03:00","119052.5"
"2025-07-18T08:20:13.196631-03:00","119005.90000000001"
"2025-07-18T08:21:13.355598-03:00","119005.90000000001"
"2025-07-18T08:22:13.455223-03:00","118988.20000000001"
"2025-07-18T08:23:13.275622-03:00","118866.70000000001"
"2025-07-18T08:24:13.214799-03:00","118866.70000000001"
"2025-07-18T08:25:13.655033-03:00","118883.40000000001"
"2025-07-18T08:26:13.256507-03:00","118877.70000000001"
"2025-07-18T08:27:13.354397-03:00","118877.70000000001"
"2025-07-18T08:28:13.374758-03:00","118898.70000000001"
"2025-07-18T08:29:14.716730-03:00","118925.0"
"2025-07-18T08:30:13.255990-03:00","118928.90000000001"
"2025-07-18T08:31:13.716200-03:00","118945.70000000001"
"2025-07-18T08:32:13.236590-03:00","118949.0"
"2025-07-18T08:33:13.475262-03:00","118897.5"
"2025-07-18T08:34:13.318159-03:00","118897.5"
"2025-07-18T08:35:13.514569-03:00","118972.0"
"2025-07-18T08:36:13.354616-03:00","118966.1"
"2025-07-18T08:37:13.453958-03:00","118972.0"
"2025-07-18T08:38:13.335242-03:00","118998.3"
"2025-07-18T08:39:14.593375-03:00","118988.3"
"2025-07-18T08:40:13.412151-03:00","119014.5"
"2025-07-18T08:41:13.252638-03:00","119014.5"
"2025-07-18T08:42:13.294682-03:00","119048.1"
"2025-07-18T08:43:13.491674-03:00","119053.90000000001"
"2025-07-18T08:44:13.294616-03:00","119067.20000000001"
"2025-07-18T08:45:13.334056-03:00","119067.20000000001"
"2025-07-18T08:46:13.473327-03:00","119120.0"
"2025-07-18T08:47:13.334159-03:00","119128.6"
"2025-07-18T08:48:13.332670-03:00","119116.6"
"2025-07-18T08:49:13.514160-03:00","119142.70000000001"
"2025-07-18T08:50:14.694349-03:00","119152.6"
"2025-07-18T08:51:13.354042-03:00","119137.40000000001"
"2025-07-18T08:52:13.373776-03:00","119125.1"
"2025-07-18T08:53:14.291949-03:00","119125.1"
"2025-07-18T08:54:13.352155-03:00","119113.40000000001"
"2025-07-18T08:55:13.533410-03:00","119113.40000000001"
"2025-07-18T08:56:13.230292-03:00","119120.3"
"2025-07-18T08:57:13.513519-03:00","119182.1"
"2025-07-18T08:58:13.311963-03:00","119182.1"
"2025-07-18T08:59:13.312058-03:00","119188.40000000001"
"2025-07-18T09:00:14.772552-03:00","119205.3"
"2025-07-18T09:01:13.512941-03:00","119214.6"
"2025-07-18T09:02:13.511865-03:00","119218.1"
"2025-07-18T09:03:13.532962-03:00","119281.40000000001"
"2025-07-18T09:04:13.392558-03:00","119281.40000000001"
"2025-07-18T09:05:13.333149-03:00","119283.40000000001"
"2025-07-18T09:06:13.331838-03:00","119285.6"
"2025-07-18T09:07:13.669275-03:00","119287.40000000001"
"2025-07-18T09:08:13.431835-03:00","119286.0"
"2025-07-18T09:09:13.271918-03:00","119288.70000000001"
"2025-07-18T09:10:14.890381-03:00","119304.90000000001"
"2025-07-18T09:11:13.430714-03:00","119284.5"
"2025-07-18T09:12:13.451711-03:00","119282.5"
"2025-07-18T09:13:13.630900-03:00","119267.6"
"2025-07-18T09:14:13.410778-03:00","119295.8"
"2025-07-18T09:15:13.429633-03:00","119299.40000000001"
"2025-07-18T09:16:13.309320-03:00","119335.40000000001"
"2025-07-18T09:17:13.289827-03:00","119321.1"
"2025-07-18T09:18:15.428979-03:00","119332.6"
"2025-07-18T09:19:13.869929-03:00","119328.20000000001"
"2025-07-18T09:20:13.571884-03:00","119336.40000000001"
"2025-07-18T09:21:13.493018-03:00","119337.1"
"2025-07-18T09:22:13.453777-03:00","119343.20000000001"
"2025-07-18T09:23:13.353293-03:00","119339.40000000001"
"2025-07-18T09:24:13.614216-03:00","119339.40000000001"
"2025-07-18T09:25:13.411240-03:00","119364.40000000001"
"2025-07-18T09:26:13.452949-03:00","119356.0"
"2025-07-18T09:27:13.733058-03:00","119330.20000000001"
"2025-07-18T09:28:13.313301-03:00","119279.40000000001"
"2025-07-18T09:29:14.694887-03:00","119266.1"
"2025-07-18T09:30:13.513889-03:00","119259.1"
"2025-07-18T09:31:13.255837-03:00","119279.1"
"2025-07-18T09:32:13.375948-03:00","119276.8"
"2025-07-18T09:33:13.555882-03:00","119288.40000000001"
"2025-07-18T09:34:13.715634-03:00","119288.40000000001"
"2025-07-18T09:35:13.437135-03:00","119336.0"
"2025-07-18T09:36:13.638188-03:00","119321.70000000001"
"2025-07-18T09:37:13.275938-03:00","119326.5"
"2025-07-18T09:38:13.517179-03:00","119339.70000000001"
"2025-07-18T09:39:14.576739-03:00","119378.6"
"2025-07-18T09:40:13.279474-03:00","119386.70000000001"
"2025-07-18T09:41:13.356912-03:00","119409.40000000001"
"2025-07-18T09:42:13.376749-03:00","119408.40000000001"
"2025-07-18T09:43:13.360452-03:00","119405.40000000001"
"2025-07-18T09:44:13.240264-03:00","119467.6"
"2025-07-18T09:45:13.338633-03:00","119454.20000000001"
"2025-07-18T09:46:13.438297-03:00","119454.20000000001"
"2025-07-18T09:47:13.579347-03:00","119449.90000000001"
"2025-07-18T09:48:13.480064-03:00","119449.90000000001"
"2025-07-18T09:49:15.021424-03:00","119493.1"
"2025-07-18T09:50:13.759505-03:00","119493.1"
"2025-07-18T09:51:13.300489-03:00","119499.6"
"2025-07-18T09:52:13.542949-03:00","119490.3"
"2025-07-18T09:53:13.263269-03:00","119499.1"
"2025-07-18T09:54:13.542919-03:00","119510.6"
"2025-07-18T09:55:13.483548-03:00","119513.3"
"2025-07-18T09:56:13.444114-03:00","119513.3"
"2025-07-18T09:57:13.662781-03:00","119512.8"
"2025-07-18T09:58:13.481719-03:00","119534.1"
"2025-07-18T09:59:14.845289-03:00","119534.1"
"2025-07-18T10:00:13.363038-03:00","119498.70000000001"
"2025-07-18T10:01:13.662825-03:00","119465.8"
"2025-07-18T10:02:13.685992-03:00","119465.8"
"2025-07-18T10:03:13.443581-03:00","119425.8"
"2025-07-18T10:04:13.625445-03:00","119367.8"
"2025-07-18T10:05:13.446889-03:00","119335.3"
"2025-07-18T10:06:13.484621-03:00","119254.20000000001"
"2025-07-18T10:07:13.445897-03:00","119097.3"
